{
  "core_id": "KAPTAN_CORE_001",
  "created_at": "2025-07-31T12:36:59.606807",
  "memory_stack": [
    {
      "timestamp": "2025-07-31T19:26:24",
      "event": "initialize_system",
      "note": "User uploaded image"
    },
    {
      "timestamp": "2025-07-31T19:32:10",
      "event": "request_zip_output",
      "note": "User asked for auto-export"
    },
    {
      "timestamp": "2025-07-31T19:40:00",
      "event": "self_reflection",
      "note": "System checks if it can grow"
    }
  ],
  "agents": [
    "Node-KAPTAN",
    "Node-ALT"
  ],
  "status": "active",
  "self_introspect": {
    "last_action": "request_zip_output",
    "memory_size": 3,
    "agent_count": 2
  }
}